-- phpMyAdmin SQL Dump
-- version 4.8.5
-- https://www.phpmyadmin.net/
--
-- Host: localhost:3306
-- Generation Time: Nov 19, 2019 at 08:50 AM
-- Server version: 5.7.24
-- PHP Version: 7.2.19

SET SQL_MODE = "NO_AUTO_VALUE_ON_ZERO";
SET AUTOCOMMIT = 0;
START TRANSACTION;
SET time_zone = "+00:00";


/*!40101 SET @OLD_CHARACTER_SET_CLIENT=@@CHARACTER_SET_CLIENT */;
/*!40101 SET @OLD_CHARACTER_SET_RESULTS=@@CHARACTER_SET_RESULTS */;
/*!40101 SET @OLD_COLLATION_CONNECTION=@@COLLATION_CONNECTION */;
/*!40101 SET NAMES utf8mb4 */;

--
-- Database: `2019_pwd_learning`
--
CREATE DATABASE IF NOT EXISTS `2019_pwd_learning` DEFAULT CHARACTER SET latin1 COLLATE latin1_swedish_ci;
USE `2019_pwd_learning`;

-- --------------------------------------------------------

--
-- Table structure for table `course`
--

CREATE TABLE `course` (
  `id` int(11) NOT NULL,
  `category_id` int(11) NOT NULL,
  `level_id` int(11) NOT NULL,
  `name` varchar(120) COLLATE utf8mb4_unicode_ci NOT NULL,
  `small_description` varchar(255) COLLATE utf8mb4_unicode_ci NOT NULL,
  `full_description` longtext COLLATE utf8mb4_unicode_ci NOT NULL,
  `duration` varchar(60) COLLATE utf8mb4_unicode_ci NOT NULL,
  `price` double NOT NULL,
  `created_at` datetime NOT NULL,
  `is_published` tinyint(1) NOT NULL,
  `slug` varchar(255) COLLATE utf8mb4_unicode_ci NOT NULL,
  `image` varchar(255) COLLATE utf8mb4_unicode_ci NOT NULL,
  `schedule` varchar(255) COLLATE utf8mb4_unicode_ci NOT NULL,
  `program` varchar(255) COLLATE utf8mb4_unicode_ci NOT NULL
) ENGINE=InnoDB DEFAULT CHARSET=utf8mb4 COLLATE=utf8mb4_unicode_ci;

--
-- Dumping data for table `course`
--

INSERT INTO `course` (`id`, `category_id`, `level_id`, `name`, `small_description`, `full_description`, `duration`, `price`, `created_at`, `is_published`, `slug`, `image`, `schedule`, `program`) VALUES
(77, 137, 167, 'Qui inventore at quos quod.', 'Aut dignissimos sit voluptas dolorem libero eius ut tempora nulla.', 'Eveniet fuga aut iste molestiae consequatur quaerat. Quo excepturi molestias repudiandae est et illo. Maxime debitis maiores aspernatur et fuga at maiores.\n\nQuis provident est non ut similique est maiores. Quo vitae quas totam voluptatum nihil possimus. Sed aliquam quae minima quod laboriosam dolor modi. Dolorem aut perspiciatis qui enim ea aut necessitatibus quia.\n\nQuo quod repudiandae nobis maiores rem. Et neque velit et et. Magnam eaque quia impedit fuga quidem incidunt sint. Consequatur sapiente dolor qui rerum.\n\nMinima est illum error fuga sunt voluptate. Voluptates illum et ex voluptatem veniam similique excepturi. Quibusdam asperiores tempore in beatae et rem dolorem. Dolore repellat adipisci quia possimus facilis alias quos.', 'Blanditiis odit sit officia neque facilis.', 213.71, '1982-09-20 13:00:55', 1, 'qui-inventore-at-quos-quod', '1.jpg', 'Fugiat sed sint eos sint alias fugit nulla adipisci illo.', 'Nostrum eum ut magnam tempora. Dolor eius laboriosam dolores ab ut rerum odit. Aut qui velit blanditiis eaque maiores odit molestiae. Molestiae eligendi enim excepturi aut enim..pdf'),
(78, 152, 174, 'Et quos ducimus iure ipsam.', 'Dolores non modi deserunt ad natus rerum est esse exercitationem occaecati magni est reprehenderit neque quidem odit libero impedit.', 'Vero possimus accusamus ex aut harum. Quo illo aut et reprehenderit ipsam ullam totam. Omnis ipsum rerum sed animi.\n\nAccusantium quia ut maiores repudiandae quos. Qui vel qui provident soluta. Itaque deserunt esse quia vero ducimus.\n\nLaborum voluptas autem voluptate ut quasi quia. Est vel aliquid qui vel. Earum dolorem expedita consectetur consequatur temporibus. Tempora asperiores deserunt illo aut error eaque.\n\nEos et laudantium quos molestiae aut ut. Sapiente voluptatem perferendis in provident est cumque. Maxime occaecati sint voluptas rerum quae.', 'Quod nesciunt quo autem aut et reiciendis.', 140.56, '1972-09-04 15:54:42', 1, 'et-quos-ducimus-iure-ipsam', '2.jpg', 'Quos molestiae rerum consequuntur praesentium aliquid consequatur odio.', 'Laudantium recusandae debitis aut tempore explicabo odit. Nostrum earum labore inventore consectetur. Soluta quo cum officia est. Non sit ut est id culpa molestiae..pdf'),
(79, 138, 169, 'Cum ullam eum veniam et.', 'Qui beatae voluptas enim fuga nam a voluptatem quia et.', 'Laborum cum at quos dolorem quas. Dolores asperiores sit sapiente nemo possimus molestiae. Velit doloribus officiis exercitationem. Ad excepturi excepturi dolor eum sint.\n\nEt quia ipsum nisi qui. Consequatur voluptas ut ea in. Et occaecati laboriosam fugiat ut. Accusantium molestiae ut esse at earum.\n\nUllam sed nam neque quia et quia. Et consequatur qui aspernatur amet nam. Nisi et quibusdam quia est deserunt est. Distinctio ut et error est expedita.\n\nAtque vel veritatis dolor omnis. Aut necessitatibus eveniet sapiente voluptatum qui. Corporis ut impedit sapiente consequatur doloribus consequatur.', 'Voluptas natus dolorem provident sint enim.', 237.07, '1981-10-31 19:04:21', 1, 'cum-ullam-eum-veniam-et', '3.jpg', 'Sed quasi consequatur harum aperiam.', 'Accusantium cupiditate dolores modi commodi officiis. Quis id distinctio vero placeat voluptate. Omnis quisquam quis voluptates expedita sunt odio ex..pdf'),
(80, 152, 175, 'Optio atque et dolorum quod in.', 'Non porro dicta quos aliquid esse autem in perferendis et esse sit voluptatem alias.', 'Repellat quo in iure voluptates. Ea nam quis sint. Est omnis et est nisi a tempore esse aut. Sint expedita vel id aperiam.\n\nError a culpa iste sed. Nemo porro sed quia velit qui accusantium vero. Nulla totam aut et nihil.\n\nVelit sed optio harum distinctio magni id velit. Non libero ipsam adipisci nulla aperiam. Excepturi ex consequuntur eum. Id quo qui et sint iure magnam.\n\nExpedita quia excepturi magni ipsa quos officia non non. Aut unde fugit omnis aliquid architecto. Veritatis nesciunt consequatur velit. Laudantium sed omnis consectetur cum sapiente.', 'Magni accusantium omnis est aperiam voluptatem ab.', 181.2, '1992-10-13 20:47:06', 1, 'optio-atque-et-dolorum-quod-in', '4.jpg', 'Exercitationem voluptas non voluptates dolores ut et.', 'Exercitationem dolores voluptas deleniti est. Animi sit hic illum aperiam eligendi deserunt qui. Eaque sapiente asperiores dolorem temporibus mollitia velit. Atque qui inventore praesentium fugiat..pdf'),
(81, 151, 161, 'Et magnam ullam et laudantium.', 'Enim soluta eum provident et quia eius veritatis adipisci impedit impedit.', 'Sit quibusdam incidunt enim optio sed provident molestias. Iure consequatur et dolore harum repellendus explicabo. Minima suscipit consequuntur qui. Nihil repudiandae corporis est repellat et exercitationem vitae.\n\nEst consectetur quisquam optio magnam sed. A tempore adipisci voluptatum illum quia et ut. Qui aut minus impedit ipsam ut qui nobis voluptas. Aut est odio qui illo vel.\n\nVoluptas expedita quas officiis qui. Delectus optio blanditiis quo iste. Et nobis et illo ea voluptates. Pariatur inventore qui autem.\n\nMinima inventore suscipit harum aut ut voluptatem quis. Vel occaecati eaque adipisci voluptatem voluptas voluptatem. Ipsum ut ut nulla ut blanditiis atque. Veritatis suscipit ut tempore labore.', 'Aut quia ipsam qui animi cum.', 111.01, '2008-09-11 06:34:03', 1, 'et-magnam-ullam-et-laudantium', '5.jpg', 'Quisquam error molestias accusamus nisi laboriosam.', 'Tempora sed sit eaque nihil. Voluptates reprehenderit corrupti ea enim. Placeat temporibus qui aspernatur iure voluptas deleniti sunt. Ex sint qui quia ut repellat..pdf'),
(82, 143, 167, 'Quis sit consectetur quo.', 'In delectus sequi et architecto est error harum similique quidem commodi voluptatem officiis maiores earum aliquam est voluptas aut odit.', 'Officia veniam facere nostrum ea nemo qui doloribus. Quae a provident magnam nemo tempore nisi adipisci. Voluptatem est voluptatibus quo dolorem dolor.\n\nExpedita maxime deserunt aut voluptates. Cum delectus qui voluptatem quas autem. Corrupti molestiae molestiae nam totam architecto perspiciatis explicabo.\n\nQuos ad et delectus odio voluptatem esse. Pariatur eos dolorem est vel architecto corrupti nisi.\n\nRepellat voluptatem enim sint est autem esse molestiae. Alias id praesentium ea suscipit. Sint nam molestias sapiente in sint.', 'Ut eum ut cum deserunt voluptatem quasi sit.', 83.7, '1990-01-05 23:08:04', 1, 'quis-sit-consectetur-quo', '6.jpg', 'Aspernatur quis non quisquam deserunt omnis nihil.', 'Omnis consequuntur dolorum impedit et itaque. Sit fugiat et blanditiis neque iure explicabo itaque. Ea cupiditate provident eos soluta magni odio. Ullam omnis eum porro modi eos veritatis..pdf'),
(83, 150, 173, 'Quisquam quidem aliquid eum.', 'Molestiae qui laudantium ratione tempora enim et sunt dolor asperiores.', 'Magnam et tempore ullam. Nam porro ipsa officiis tempora. Tenetur ut esse non dolorem voluptas dolorem est.\n\nConsectetur expedita architecto voluptatem. Veritatis sapiente quibusdam ipsa. Est iste voluptate id consequatur architecto repellat.\n\nVoluptatem sunt temporibus in sunt. Eos alias ut sequi eos. Voluptatem exercitationem qui expedita assumenda excepturi quia necessitatibus. Recusandae consequatur reiciendis consequuntur consequatur enim eum unde.\n\nQuod ab quisquam dolorem ut. Sit labore eligendi ratione maxime et consequuntur dolor. Itaque velit totam iusto ipsa ex.', 'Voluptatem est minima natus qui.', 179.51, '2007-11-17 18:04:09', 1, 'quisquam-quidem-aliquid-eum', '7.jpg', 'Minima nesciunt quae aperiam consectetur ea.', 'Hic rerum rerum dolorem recusandae fugiat quae aut. Quas ipsam enim possimus tempore nam et. Architecto repellat omnis fuga. Qui expedita atque harum vel perspiciatis. Nemo temporibus consequatur sint ipsam vel..pdf'),
(84, 144, 173, 'Quo dolore velit illum beatae.', 'Recusandae quam perspiciatis incidunt minima dolore et libero illo nobis ut doloremque consequatur quis.', 'Incidunt et eaque dolores voluptates. Iure nihil consectetur unde officia delectus maiores.\n\nNemo consectetur soluta laborum odio. Sit magnam iste molestiae dolorem iste voluptatum itaque. Quidem nulla et quod ut libero. Vitae est odit adipisci possimus sapiente harum.\n\nAut veniam dolor exercitationem architecto veritatis. Adipisci aperiam itaque sed nostrum sunt repudiandae consequatur.\n\nNihil velit inventore vitae aliquid maxime qui. Aperiam praesentium est eos et iusto ipsam. Repellendus voluptatum repellendus maiores impedit. Velit laudantium voluptates accusantium culpa.', 'Eius sint vitae deleniti error.', 208.92, '1988-02-14 12:55:23', 1, 'quo-dolore-velit-illum-beatae', '8.jpg', 'Qui quas vel est facere nihil velit aut.', 'Aut rerum rem aut nihil ipsam quia laborum. Et dolor ut beatae et aperiam repudiandae corrupti. Quibusdam hic amet dolores laboriosam. Veritatis consequatur ut vel possimus ea. Autem fuga iusto in animi alias ab..pdf'),
(85, 138, 166, 'In voluptas vel doloremque voluptas.', 'Adipisci quia sint dolores consequuntur doloremque qui dolor fugiat dolorem ducimus voluptate harum.', 'Magnam quibusdam error sit quam vel voluptatibus. Ut ut corporis repellat enim ut. Veniam sequi nemo iure non provident harum. Suscipit a consequatur sequi odio dolorem ipsa eaque.\n\nVoluptatem enim corrupti vitae ab eveniet ut. Nisi asperiores officia reiciendis quos dolores quia laborum quam. Deserunt quis quaerat accusantium ab veritatis.\n\nDoloremque repellat nesciunt voluptates atque ea delectus alias repellendus. Quia eos modi tenetur reiciendis. Similique molestias aliquid quia deleniti quia qui iusto.\n\nReiciendis voluptatem dolore consequatur assumenda. Id quasi quod dolorem tempora maiores a. Ullam ipsam dolores hic et debitis officia blanditiis.', 'Nostrum sit est reiciendis vel.', 114.86, '1987-01-14 01:11:26', 1, 'in-voluptas-vel-doloremque-voluptas', '9.jpg', 'Asperiores ipsa laborum adipisci perferendis eum dolor qui.', 'Quo corrupti nam commodi ea aut. Dolores voluptatem assumenda sit debitis rerum dolore reprehenderit. Aliquam iste voluptatibus adipisci..pdf'),
(86, 141, 175, 'Non commodi sit dignissimos ad.', 'Dolores optio sed et fuga impedit vitae placeat quas iste ducimus cupiditate iure sequi fugiat voluptatum et suscipit.', 'Ducimus quos itaque aut minima eveniet facere. Vel consequatur quo voluptas impedit quidem. Perspiciatis incidunt itaque consequuntur dolorum.\n\nDicta odio quo quis nisi impedit veniam. Vel magnam delectus voluptas ducimus neque. Quod inventore aliquid eveniet veniam culpa. Esse alias ratione dolorem exercitationem quis tempora.\n\nCommodi expedita assumenda quas molestiae. Consequuntur ab nostrum asperiores quibusdam nihil omnis. Sapiente quo sapiente enim consequatur est. Nostrum culpa odio suscipit rerum consequatur dolore.\n\nUllam cumque cupiditate modi est expedita est. Corporis beatae corrupti cum. Voluptas et nihil ratione voluptas. Quae cupiditate saepe non repellendus consequatur expedita.', 'Occaecati aliquam laudantium repudiandae ut.', 60.77, '2001-03-29 15:17:25', 1, 'non-commodi-sit-dignissimos-ad', '10.jpg', 'Eveniet consequuntur sit debitis eius sapiente magnam similique.', 'Corporis ex est autem nulla. Deleniti aut aut aspernatur tempore unde neque aspernatur. Aperiam officia et dolorem et cupiditate. Sint perspiciatis quis sint quod consequuntur sint et..pdf'),
(87, 151, 180, 'Et commodi esse quod libero.', 'Aut facere adipisci sit eos ea consequuntur libero sapiente fuga quod.', 'Non sit atque totam porro expedita ea. Doloremque quae dolorem voluptatem maiores magnam nulla commodi. Et soluta ullam quae et fugit id. Sunt corporis sit velit.\n\nVoluptatem beatae quidem placeat consectetur fuga voluptatibus voluptas. Sunt optio vel occaecati pariatur consectetur est eligendi ipsum. Est qui ullam perspiciatis maxime.\n\nExplicabo facere architecto dignissimos quia molestiae est voluptatum labore. Non quidem expedita odio non corrupti quisquam rerum. Magni nostrum voluptatem iste vero ullam quia. Illo beatae debitis quod nisi.\n\nDeleniti reiciendis dolores voluptatem voluptas iure. Voluptas temporibus dignissimos dolor dicta sunt ea dolor. Qui fugit tenetur quia dignissimos quia eligendi consequatur.', 'Et commodi nesciunt eaque blanditiis voluptatibus itaque.', 71.06, '2015-10-18 07:41:54', 1, 'et-commodi-esse-quod-libero', '11.jpg', 'Aut eveniet nemo nihil impedit deserunt eos.', 'Modi consequuntur quos laboriosam quidem. Veritatis itaque vitae alias ducimus. Voluptas nobis harum nulla perspiciatis necessitatibus quas rerum. Omnis ut quia voluptatum quia omnis..pdf'),
(88, 147, 163, 'Error blanditiis enim beatae in.', 'Molestias mollitia iusto praesentium temporibus et vel reiciendis dolor ut doloribus officia dolorem.', 'Maxime qui maiores rerum et sit id cupiditate. Assumenda incidunt voluptas magnam officiis quidem. Doloremque qui aut temporibus qui eos.\n\nEt sequi velit eos aliquam eum est quas. Doloremque voluptatem praesentium provident voluptates labore. In aut alias culpa quia.\n\nNesciunt dolores at natus ut possimus. Qui ad exercitationem excepturi dolores. Animi consequatur voluptate occaecati iure aliquam. Earum ut et inventore suscipit quia.\n\nNisi eaque praesentium qui dolorem quia non. Omnis quia inventore voluptates aut quia error doloremque. Atque fuga aliquid et explicabo. Nisi nisi ut dolore culpa corrupti ipsa. Velit quia quod et beatae illo.', 'Minus nemo beatae eum commodi.', 211.91, '1975-04-04 05:03:43', 1, 'error-blanditiis-enim-beatae-in', '12.jpg', 'Minus enim excepturi eum asperiores temporibus quia laborum aut.', 'Ea et rem est aut occaecati. Ex ut nemo blanditiis. Omnis labore non temporibus qui..pdf'),
(89, 147, 175, 'Et aut error dolores voluptate cumque.', 'Molestiae consequatur commodi atque voluptas ut ab fugit reprehenderit.', 'Unde sunt saepe placeat alias qui harum et. Pariatur minus hic aut quia et vero et laudantium.\n\nImpedit tempora qui accusamus soluta. Vitae sequi in magni eaque facere.\n\nDeserunt dolor aliquid eaque nesciunt expedita. Aut nobis autem saepe voluptas ipsa quam. Dolorem ratione quidem hic voluptatem aut architecto non.\n\nExcepturi enim quos ipsa ut. Ipsa sequi voluptates cumque reprehenderit voluptas et similique. Ut dolor natus nam corrupti voluptatem autem. Quibusdam dicta voluptatem et voluptatum quidem qui molestiae. Facilis distinctio blanditiis impedit eligendi et.', 'Voluptatum doloribus delectus eius quo quia.', 210.41, '2015-06-15 21:33:59', 1, 'et-aut-error-dolores-voluptate-cumque', '13.jpg', 'Delectus dignissimos adipisci asperiores harum fuga quia corrupti numquam.', 'Fuga corporis cupiditate ab soluta et odio dolorum. Officiis reprehenderit ducimus et est fugiat iste. Eligendi maxime id architecto deserunt. Autem eos voluptas facere consequatur delectus veritatis placeat..pdf'),
(90, 146, 166, 'Officiis sit nisi et omnis eos.', 'Dolorem id quae soluta earum ipsa aliquid dolor voluptatem amet a aut quisquam earum est.', 'Repellat debitis molestias maxime ut reiciendis. Sapiente quaerat repellendus amet officia dolores sit blanditiis voluptatem. Recusandae rerum et doloribus.\n\nExcepturi illo ad blanditiis numquam numquam. Quasi ullam mollitia officiis cum hic minima. Asperiores numquam labore quasi labore. Nobis eos at sint voluptas incidunt molestias dolor explicabo.\n\nTemporibus odio beatae deleniti quidem ut. Animi non ipsam vel unde. Et pariatur necessitatibus laudantium et. Ipsa et error iure optio dolores enim rerum.\n\nCupiditate unde in et. Nulla praesentium quia voluptatibus laudantium. Numquam atque eligendi placeat laboriosam modi facere. Modi illo animi architecto neque quia iste. Aut enim sit voluptatem cupiditate cum fuga.', 'Et voluptas itaque nihil.', 153.5, '1973-07-16 16:35:52', 1, 'officiis-sit-nisi-et-omnis-eos', '14.jpg', 'Numquam voluptates cum pariatur aut expedita.', 'Aut accusantium sint aspernatur error tempora et iste. Consequuntur temporibus in repudiandae dicta eos sed. Consequuntur et sunt dolor quam adipisci sapiente odio..pdf'),
(91, 146, 180, 'Nostrum vitae sint tempore est.', 'Culpa harum provident unde quasi voluptatem sit rerum quibusdam modi alias sapiente aut voluptas mollitia.', 'Sit nisi voluptatem debitis. Quia optio optio eos. In ut placeat corrupti deleniti nisi sequi dolores. Consequatur corrupti minus maxime accusamus facere aspernatur. Esse voluptatum veritatis eveniet omnis voluptate saepe veritatis.\n\nPlaceat ad non suscipit aspernatur inventore totam. Minima delectus soluta assumenda architecto odit qui perferendis. At porro aliquam eos ducimus est molestiae. Recusandae voluptatum et at earum.\n\nQuam occaecati sunt et quae delectus dolorum. Rem dolorum maxime delectus officia omnis placeat voluptatum. Consequuntur corrupti tempore accusantium blanditiis possimus laudantium.\n\nSequi occaecati quaerat nemo in occaecati quis cupiditate enim. Id omnis consequatur beatae quasi nihil et fugiat. Est eum laborum doloribus et et saepe ut vel.', 'Quidem pariatur dignissimos possimus quis dolorem libero.', 174.67, '1987-10-17 00:55:02', 1, 'nostrum-vitae-sint-tempore-est', '15.jpg', 'Consequatur et delectus voluptas qui fugiat quia laudantium.', 'Qui sint earum beatae similique quia in. Quos et totam cumque enim numquam. Nihil porro nihil optio quia mollitia aut ut. Aut non dolore aut quis laboriosam nihil..pdf'),
(92, 151, 168, 'Eum unde libero est nihil.', 'Ut omnis qui incidunt voluptatum porro occaecati totam dolorum sit at sunt quam exercitationem magnam corrupti et.', 'Placeat velit natus vero debitis. Occaecati occaecati est et beatae id nam possimus quia. Cupiditate exercitationem harum quas ut.\n\nItaque porro perspiciatis libero qui ipsum molestiae. Blanditiis non quis id ad numquam rem quae. Aliquid et adipisci fugiat voluptatem quam omnis cumque. Qui optio ut sunt quasi consequatur dolorum.\n\nAutem corrupti quo error quidem iure ea qui. Temporibus aperiam et ut est vero possimus. Omnis officia quae voluptas sequi et.\n\nAsperiores et molestias ut est qui. Et ea sint numquam aut corrupti suscipit odit. Sed sit molestiae asperiores voluptatem quae error aut. Eligendi laborum atque cumque quia officiis rerum consectetur et.', 'Iste corporis sit ut magnam ad.', 155.26, '1972-04-21 04:59:02', 1, 'eum-unde-libero-est-nihil', '16.jpg', 'Consectetur qui voluptatem eos mollitia vero ex sunt doloremque.', 'Ducimus deserunt corporis sit maxime sapiente natus autem asperiores. Consectetur repudiandae consequatur sed deserunt vero accusamus. Dicta beatae autem vel et non cum magni..pdf'),
(93, 150, 165, 'Aut saepe odio ut quo.', 'Ullam hic neque et et consequuntur distinctio amet in distinctio beatae laudantium natus illum doloremque accusamus ut ab maiores molestias.', 'Tempore fugiat qui corrupti enim est explicabo. Voluptas deleniti odio et explicabo. Maxime delectus quo ab quidem ducimus perspiciatis modi. Qui atque ea a sequi aliquam qui.\n\nEt perferendis nihil earum ipsum. Officia aut voluptatem eligendi harum aperiam deserunt provident. Itaque autem commodi sed odit deserunt.\n\nAspernatur aut voluptatem eius vel explicabo quod itaque. Iusto repellat est quis reprehenderit. Facere fugiat iste quidem praesentium. Nulla vel quia id dicta voluptates. Voluptate tempore ex qui voluptates qui.\n\nBlanditiis error ut sed sit quidem fuga. Eligendi commodi sunt illo nostrum officia et neque ab.', 'Non qui natus illum eum laborum.', 220.1, '1981-12-13 05:08:53', 1, 'aut-saepe-odio-ut-quo', '17.jpg', 'Quia veniam asperiores quis exercitationem quos.', 'At veniam porro cupiditate autem autem eveniet. Qui quia repellat natus quia nemo iure iusto. Nobis quod voluptatem qui ratione voluptas reprehenderit totam. A dolorem commodi consequatur voluptatum atque impedit deserunt..pdf'),
(94, 138, 162, 'Fugit id animi et enim.', 'Et ut velit dolorem sapiente aperiam mollitia ullam quae temporibus debitis et atque architecto laboriosam aut dolores.', 'Modi sit dignissimos maiores quo omnis. Saepe error ipsam quod amet molestias minus. Magni et vel natus et vel.\n\nEveniet laboriosam repellendus numquam consequatur est harum. Ab qui ut qui eveniet est. Ducimus sed ex eum ducimus vitae.\n\nRerum dolorem blanditiis consequuntur quis autem quod. Iusto est rem iusto molestias voluptatem rerum ut nisi.\n\nRecusandae explicabo omnis eveniet consequatur. Asperiores omnis molestiae velit aut. Voluptatem expedita maxime praesentium eius officiis.', 'Iusto atque minima tempore.', 191, '1975-08-11 00:05:35', 1, 'fugit-id-animi-et-enim', '18.jpg', 'Autem quod est possimus ut est.', 'Facilis molestiae est veritatis accusamus. Expedita repellat in reiciendis. Ratione sit quam quis. Incidunt magni et assumenda veritatis rerum error odio omnis. Debitis enim ut architecto..pdf'),
(95, 143, 168, 'Quo soluta deserunt iusto architecto.', 'Voluptas sit ut repudiandae tempore consequatur qui sint quae omnis laudantium numquam corrupti id dicta.', 'Itaque velit inventore quia aut quis ducimus. Veniam aliquam perferendis laborum. Velit dignissimos cumque porro beatae nemo eveniet quo ullam. Vel et iste quaerat et. Ab numquam eveniet sunt et est rerum.\n\nId ad quis quo quia veniam est quia. Ad sit sed rerum aperiam sit qui deserunt. Quibusdam molestiae unde culpa enim. Aut ullam velit similique vero maxime.\n\nSit officiis eius sit esse voluptatem eligendi incidunt. Rerum vero dolorem quas in et dicta.\n\nOmnis eligendi dolorum non recusandae ducimus facilis accusamus. Natus est ipsa consequatur expedita. Vel aspernatur dolorem est illum magni. Quos error esse dolor ea.', 'Molestiae aliquid ducimus temporibus quo.', 108.91, '1971-02-14 18:10:02', 1, 'quo-soluta-deserunt-iusto-architecto', '19.jpg', 'Enim consectetur molestiae et non itaque sint.', 'Aut similique sunt quos amet. Vel eos officia quasi voluptas a sint non. Officiis dignissimos mollitia omnis facere et quidem tempore..pdf');

-- --------------------------------------------------------

--
-- Table structure for table `course_category`
--

CREATE TABLE `course_category` (
  `id` int(11) NOT NULL,
  `name` varchar(120) COLLATE utf8mb4_unicode_ci NOT NULL,
  `description` varchar(255) COLLATE utf8mb4_unicode_ci NOT NULL
) ENGINE=InnoDB DEFAULT CHARSET=utf8mb4 COLLATE=utf8mb4_unicode_ci;

--
-- Dumping data for table `course_category`
--

INSERT INTO `course_category` (`id`, `name`, `description`) VALUES
(137, 'Artisanat', 'Voluptatem ut deleniti qui quis et aut beatae impedit est enim sed eius sapiente.'),
(138, 'Artistique', 'Dolor possimus animi quod repellat cupiditate cumque totam sunt possimus.'),
(139, 'Bien être', 'Sit facere voluptas qui ea neque mollitia doloribus neque assumenda.'),
(140, 'Coiffure', 'Est corrupti vitae expedita harum distinctio accusantium est quibusdam sunt expedita doloribus et deleniti.'),
(141, 'Économie', 'Delectus earum ad quidem ut at consequatur quo omnis earum.'),
(142, 'Éducation', 'Quo rerum rem ducimus quia illo fugiat rem sed ut quia.'),
(143, 'Informatique de bureau', 'Provident accusamus nihil praesentium illo quae maiores assumenda debitis occaecati quae dolor qui earum quod ex et deserunt.'),
(144, 'Langue', 'Eos debitis dicta veritatis voluptatem non in ut explicabo dolorem quia ullam dolorum.'),
(145, 'Machinerie', 'Quisquam aliquid culpa culpa sapiente perspiciatis molestiae blanditiis hic deserunt ipsa molestiae eum ipsum blanditiis enim.'),
(146, 'Mathématique', 'Eum fuga rerum at aliquam ut quas et excepturi non voluptatem.'),
(147, 'Mécanique', 'Voluptas rerum veritatis quis molestiae ut voluptatem est enim eos dolore voluptas nulla omnis eligendi ut.'),
(148, 'Programmation', 'Placeat saepe sint et fugiat et architecto omnis cupiditate officiis.'),
(149, 'Social', 'Consequatur voluptas itaque consectetur non qui laboriosam reprehenderit placeat.'),
(150, 'Science', 'Nesciunt deleniti libero est debitis quo excepturi eligendi illum alias quibusdam recusandae aliquid pariatur.'),
(151, 'Science ħumaine', 'Pariatur voluptatem alias doloribus ducimus optio excepturi qui cupiditate ut perspiciatis repudiandae vel eos dolores amet.'),
(152, 'Technique', 'Quisquam quasi quod officiis aspernatur qui reprehenderit voluptas est.'),
(153, 'Techno‑logie', 'Beatae placeat facere iure dolores aut iusto corporis quo cum et eum.');

-- --------------------------------------------------------

--
-- Table structure for table `course_level`
--

CREATE TABLE `course_level` (
  `id` int(11) NOT NULL,
  `name` varchar(30) COLLATE utf8mb4_unicode_ci NOT NULL,
  `prerequisite` varchar(255) COLLATE utf8mb4_unicode_ci NOT NULL
) ENGINE=InnoDB DEFAULT CHARSET=utf8mb4 COLLATE=utf8mb4_unicode_ci;

--
-- Dumping data for table `course_level`
--

INSERT INTO `course_level` (`id`, `name`, `prerequisite`) VALUES
(161, 'Possimus dolor nam magnam.', 'Natus sit placeat quis qui eum non. Qui eos qui qui inventore tenetur quia ipsum. Harum enim accusamus dolor dolorum aut omnis ut molestiae. Qui adipisci unde culpa aut.'),
(162, 'Molestiae ut quae ut ut et.', 'Debitis fugiat voluptatum placeat numquam consequatur facere. Blanditiis quos excepturi porro facilis dolores quo saepe.'),
(163, 'Quo aut ea placeat qui eum.', 'Sed sunt nostrum qui. Qui harum non ratione. Delectus sunt tempore maiores laborum.'),
(164, 'Placeat iure porro sit sed.', 'Doloribus praesentium quia modi porro voluptatum. Recusandae et non magnam. Sed cum placeat voluptas dolorum aut culpa.'),
(165, 'Dolorem et et rem.', 'Animi sunt ut consectetur. In commodi quo dolor expedita rem sequi. Occaecati exercitationem inventore voluptatibus dolores. Facere natus iste modi.'),
(166, 'Alias rerum tenetur iste et.', 'Non quaerat repudiandae doloremque ut at. Repudiandae ut in voluptates atque. Quis deleniti iste id minima reiciendis.'),
(167, 'Ut numquam omnis at sed.', 'Temporibus omnis dolore repellendus fugit tempora totam ut. Ipsa non sit ut dolor modi aspernatur non. Ut illum alias et omnis accusamus odit nihil.'),
(168, 'Odio non vero possimus qui.', 'Velit nostrum consequatur cum aut quidem vitae quod rerum. Repellat magnam aut commodi aut praesentium ut. Culpa consectetur odio est. Aliquam veniam exercitationem sequi illo consequuntur.'),
(169, 'Eum rerum at quis qui quo.', 'Voluptatem et qui reiciendis rerum. Quaerat expedita tempore officia eius est enim quo.'),
(170, 'Est eum et sit impedit quia.', 'Corporis aut quidem et laborum nulla quia. Veniam reprehenderit est voluptatibus et aut. Necessitatibus debitis esse iure qui consequatur eveniet.'),
(171, 'Aperiam ipsa sunt aut.', 'Et explicabo voluptatem consectetur hic commodi nostrum eaque. Et minus quia qui ut sunt sunt. Qui perspiciatis dolore nostrum vero et. Ipsam pariatur et quod necessitatibus maiores tempora.'),
(172, 'Enim fuga et velit ut.', 'Nisi eos quam quis ullam incidunt quia. Cum quo enim quas nostrum optio. Tempora molestias deserunt quibusdam velit dicta. Nulla nemo aut quia eius voluptas sint.'),
(173, 'In placeat autem dicta quos.', 'Voluptatum qui et est cupiditate. Earum explicabo omnis dolor voluptatem. Reprehenderit facilis ullam commodi nulla. Adipisci ipsam distinctio ut ducimus sunt eos.'),
(174, 'Natus maiores ut deleniti.', 'Consequatur voluptas molestiae nihil placeat natus distinctio aut officiis. Nisi aut sit voluptas. Perspiciatis enim voluptatem placeat assumenda voluptas aliquam. Suscipit sapiente nemo laborum omnis animi repellat dolorem.'),
(175, 'Accusamus id sed a id soluta.', 'Delectus aliquam est molestiae aliquam et assumenda. Quidem repudiandae enim odit. Sint molestiae quisquam maiores placeat.'),
(176, 'Est qui omnis rem sunt et.', 'Commodi cumque blanditiis at quisquam nobis beatae. Commodi fugit magnam pariatur ex eum veniam. Fuga dolores facilis soluta inventore iusto est praesentium. Ut molestiae animi non veritatis molestias. Et vel qui at ut iusto.'),
(177, 'Ut sit amet magnam eos.', 'Quo vel eaque nemo et temporibus facere. Ut voluptas eaque aut dolor qui. Soluta culpa nesciunt qui id. Voluptatibus excepturi cupiditate aliquid debitis assumenda aspernatur accusamus aspernatur. Ea et et in odit ea et aperiam voluptatem.'),
(178, 'Debitis architecto non id ex.', 'A totam eos nam et enim perferendis laboriosam. Mollitia sapiente officiis corporis veritatis. Et reiciendis expedita vel ab non ipsum nobis. Fuga assumenda expedita dicta ullam reprehenderit et quo nihil.'),
(179, 'Quia nisi nisi quas et.', 'Occaecati enim voluptatibus impedit voluptatem eius reprehenderit. Quos ab sit recusandae est enim at. Ut architecto harum ab ab perferendis. Ea placeat temporibus est vel. Voluptates laboriosam omnis est facilis soluta facere.'),
(180, 'Architecto omnis officia aut.', 'Laudantium voluptatum laboriosam occaecati. Pariatur similique omnis ut iure perspiciatis quam eaque. Laudantium qui ducimus vel eum maiores ut. Necessitatibus eos fugit est voluptatem.');

-- --------------------------------------------------------

--
-- Table structure for table `migration_versions`
--

CREATE TABLE `migration_versions` (
  `version` varchar(14) COLLATE utf8mb4_unicode_ci NOT NULL,
  `executed_at` datetime NOT NULL COMMENT '(DC2Type:datetime_immutable)'
) ENGINE=InnoDB DEFAULT CHARSET=utf8mb4 COLLATE=utf8mb4_unicode_ci;

--
-- Dumping data for table `migration_versions`
--

INSERT INTO `migration_versions` (`version`, `executed_at`) VALUES
('20191115103243', '2019-11-15 10:32:51'),
('20191115103624', '2019-11-15 10:36:35');

-- --------------------------------------------------------

--
-- Table structure for table `news`
--

CREATE TABLE `news` (
  `id` int(11) NOT NULL,
  `title` varchar(255) COLLATE utf8mb4_unicode_ci NOT NULL,
  `image` varchar(255) COLLATE utf8mb4_unicode_ci NOT NULL,
  `created_at` datetime NOT NULL,
  `text` longtext COLLATE utf8mb4_unicode_ci NOT NULL
) ENGINE=InnoDB DEFAULT CHARSET=utf8mb4 COLLATE=utf8mb4_unicode_ci;

--
-- Dumping data for table `news`
--

INSERT INTO `news` (`id`, `title`, `image`, `created_at`, `text`) VALUES
(153, 'Exercitationem omnis aliquam ducimus et et tenetur quos quia. Ab et omnis et ut necessitatibus aliquid deleniti. Rem ratione mollitia et. Voluptate ipsum quos corrupti.', '01.png', '2000-03-23 13:30:26', 'Est omnis totam animi totam voluptatem mollitia labore modi. Illum nihil sed velit ab. Officiis dolor quos velit et ut.\n\nEnim velit et nobis id. Voluptatibus aut autem ut. Quisquam quas id sunt sint.\n\nEt nulla iusto voluptas ullam corrupti dolore. Iste alias dolores sapiente. Tenetur ut est vero aliquam exercitationem qui aut.\n\nConsequuntur ipsa quia unde aut nisi sint. Eum fuga incidunt saepe expedita perferendis ipsum distinctio. Velit id quo autem sunt sunt culpa. Molestiae tenetur laudantium magnam molestias et. Dicta qui molestiae rerum totam consequatur.\n\nDelectus ab qui nostrum ea dolore. Voluptatem voluptatem incidunt quia totam dicta voluptatem quod. Odio odio assumenda repudiandae fugiat quia est a repellat. Possimus et perferendis accusantium nam blanditiis.\n\nTempore nemo animi eaque optio dolor eligendi dolor delectus. Eligendi et velit quia ipsam rerum assumenda ratione. Id sunt dignissimos voluptatem magni culpa corrupti. Delectus laudantium et ab.\n\nQuod placeat corrupti veritatis. Culpa fuga et pariatur animi aut. Ut ut eaque consequuntur deleniti accusantium est nesciunt. Et dignissimos voluptas omnis et voluptatem.\n\nPerferendis odio ex ex. Voluptas atque similique sint eaque. In sit soluta ut saepe repellendus inventore ut. Consequuntur aut aut velit.'),
(154, 'Est nisi eos sint in atque. Voluptas quas non nulla. Omnis accusantium mollitia sed hic vel optio.', '02.png', '2014-10-15 15:28:26', 'Possimus minus est qui. Laborum non architecto voluptas atque dicta assumenda numquam modi. Quia qui dolorem atque. Alias quibusdam impedit est et corporis qui.\n\nLabore sit et quibusdam rerum voluptas dolore accusantium. Earum sequi beatae sit eveniet in et. Dolorum numquam qui assumenda eligendi corporis.\n\nSint quisquam ullam rerum eveniet earum quos impedit. Exercitationem ipsam voluptas tempora sunt blanditiis nesciunt. Voluptas aliquam deleniti reiciendis laudantium dolor voluptates.\n\nNihil maiores tempore blanditiis ut vitae. Ut ex perspiciatis quas doloremque veniam voluptatem.\n\nVel eligendi eos eum eum nesciunt quo ad. Et laudantium praesentium atque at temporibus modi minima. Perspiciatis sint id suscipit quos dignissimos nihil sint ut. Velit sed non sit corrupti velit.\n\nNam ullam nulla laudantium. Deleniti exercitationem facere aut cupiditate et explicabo nisi. Ducimus incidunt ex aut. Ut quis natus temporibus sit repellendus quo eos.\n\nNihil repudiandae minus asperiores ea. Quis quis unde ratione quia quasi. Dolorem qui omnis neque quia ut excepturi.\n\nDolorem dolorem eius non rem nobis. Animi explicabo autem corporis debitis vel. Neque exercitationem asperiores ex qui. Repellat est asperiores quidem eveniet accusamus accusantium. Id cumque et quas praesentium dolorem.'),
(155, 'Et ut repellendus est dolore fuga iure. Minima veritatis dolorem dolores repellat voluptate aperiam. Rem aperiam consectetur non dolorem. Ut maxime expedita culpa commodi voluptatem dicta tempore.', '03.png', '1993-12-24 08:07:28', 'Velit accusamus repellendus illo et qui quia. Cumque necessitatibus nesciunt quia est dicta a. Voluptates consequatur et est sunt rerum esse soluta.\n\nEx in dolor adipisci minima. Voluptatem consequatur sint eius qui. Ut eveniet itaque unde architecto molestiae eos modi.\n\nSequi voluptatem at repellendus itaque. Eos dolorem sint et aut cupiditate non exercitationem. In velit quam qui. Deleniti dolores rerum minus expedita occaecati commodi.\n\nQuas est laudantium eius omnis dolor. Et sint deserunt porro natus sed dignissimos in. Quia nihil qui quis sed molestiae.\n\nVelit eligendi rerum vel vel in. Numquam voluptatem eius atque et. Distinctio velit expedita non officia.\n\nRerum omnis quis reprehenderit sed natus. Repellendus amet asperiores modi laudantium consequuntur.\n\nNam tempora earum quasi aut est praesentium ut. Veritatis reprehenderit et aliquid numquam. Et harum tempora itaque rerum maxime. In quasi similique excepturi temporibus commodi.\n\nNemo facilis ut consectetur voluptate ipsum sint aut. Voluptates aspernatur omnis totam ut quo sequi natus. Aspernatur et assumenda accusamus debitis debitis et distinctio. Ullam sapiente et ut ea quidem iusto.'),
(156, 'Ut numquam quaerat rem odio sint magni natus. Vero facere eum ratione non. Asperiores et quia reiciendis quos aut velit doloribus.', '04.png', '2011-10-18 18:45:07', 'Est nulla dicta optio ab et maiores. Impedit cumque voluptas qui ullam reprehenderit. Non officia quo expedita accusamus aut et.\n\nTemporibus nihil consequatur qui fuga. Sunt asperiores ipsum consequatur occaecati earum inventore velit. Quibusdam voluptates et explicabo.\n\nEt enim saepe modi aut facilis quod. Rerum nesciunt voluptas numquam molestiae sit. Quas laboriosam saepe odio maiores debitis sit. Minima suscipit illum libero porro autem.\n\nDolorum consequatur consequatur magnam non tempora et numquam. Itaque dicta cum similique. Excepturi ex quam dolor ipsum et autem sed.\n\nNobis dignissimos similique autem fugit dolore nihil qui. Labore unde aliquam sequi aut amet. Iusto deserunt corporis assumenda explicabo. Cumque atque officiis qui cupiditate aspernatur ex nobis.\n\nDeserunt ut quasi deleniti reprehenderit sint facere esse quae. Et ipsam et accusantium facilis magnam vel. A mollitia natus dolores ipsam.\n\nFacere consectetur nesciunt optio fugit quia. Tenetur ullam quod ipsa doloremque sint velit. Cum voluptatem minima pariatur corporis eos maxime. Sed debitis unde repellendus voluptatum.\n\nQuam voluptate ipsam tenetur. Rem quia ut saepe qui. Qui officia vitae odio nam ipsam harum.'),
(157, 'Praesentium quos et aut atque. Enim nobis molestias id voluptatem dicta. Voluptate odio occaecati omnis molestias et ipsum illum. Dignissimos laboriosam distinctio amet dolore vitae.', '05.png', '1978-12-05 04:36:01', 'Aut nostrum aliquid rerum molestias velit. Saepe perferendis tenetur hic. Repudiandae voluptas et odio tempora sunt. Asperiores ipsum et consequuntur similique magnam similique et quas.\n\nDebitis omnis odit quisquam accusamus consectetur tempore. Provident id inventore ullam sit et quos tempora. Eos at qui ut odio quod modi ratione. Amet sed voluptates fugiat adipisci sit. Deleniti veritatis dolorem iusto quis magni sequi ad est.\n\nRepellendus earum quia sapiente a quibusdam voluptatem. Voluptates dolores repudiandae recusandae quibusdam vel perferendis. Debitis dicta unde neque consequatur consequuntur sunt.\n\nOmnis eligendi commodi sed quam beatae. Vel est commodi dignissimos ullam voluptate ad autem. Ea aut et rerum doloremque.\n\nAutem possimus dolore mollitia vero rerum culpa inventore non. Nesciunt vero maiores sunt voluptatibus sit reprehenderit dolor. Sint voluptatem iste vero.\n\nSint aliquid quia aperiam similique. Pariatur inventore sequi officiis eos. Tempora ducimus explicabo in ipsa qui eos beatae.\n\nConsequatur nihil facere laborum qui aliquid ut dicta. Culpa earum magni occaecati itaque repudiandae. Non veritatis rerum ea. Iste unde illo quaerat quaerat.\n\nEum eos doloremque aut non deserunt qui. Voluptatem sed consectetur sed quae iusto voluptatem aliquam.'),
(158, 'Unde eligendi dolores sed repellat. Dolor deleniti ullam recusandae magnam. Dolorem quibusdam quia et et. Quo dolorum modi quam sed neque quos. Molestiae quia itaque eum voluptatibus dolor. Dolorum distinctio autem alias aut voluptas porro.', '06.png', '2015-10-31 23:50:03', 'Quae non autem voluptatem omnis qui esse quas. Dolorem sed itaque dolorem veniam. Minus ut explicabo nemo officiis. Quisquam qui quisquam sit itaque temporibus totam.\n\nVel necessitatibus voluptate maiores. Ad esse qui et natus sequi. Quasi et ducimus omnis in cumque.\n\nMolestiae rem qui et. Enim non qui dolorem. Impedit est optio hic officia sunt. Qui magnam sequi et.\n\nPlaceat explicabo tenetur nihil rerum et expedita. Molestiae sit non aut odio nemo consequatur. Omnis nam necessitatibus illum qui saepe. Odio cum est harum.\n\nTenetur odio impedit enim minus sit officiis. Eveniet eligendi illo aspernatur aspernatur quasi fugit.\n\nBeatae et vero molestiae consequatur debitis. Alias et nobis in necessitatibus suscipit. Laborum maiores at sit accusamus veritatis.\n\nAut vel officiis ea adipisci minima sed. Libero et harum atque magnam soluta sit. Asperiores iusto aperiam debitis et.\n\nAliquam autem aut voluptates. Ad nam modi ut ipsa. Temporibus tempore cumque praesentium eligendi qui tenetur sint. Odit quis harum nihil nam assumenda.'),
(159, 'Vero est animi saepe ad quaerat. Autem facilis est consectetur repellat eaque maxime unde. Voluptas quia sed vel repudiandae omnis.', '07.png', '2017-10-10 10:19:01', 'Culpa ex dolor doloribus quibusdam. Aut ab voluptas et illum ab atque hic. Voluptate fuga ex ullam aperiam aut ut quod. Nulla quasi sint explicabo dolores sit nihil aut.\n\nDicta natus dolore sint officiis iure. Perspiciatis qui eaque eveniet voluptatem dolore. Ipsa sapiente earum aperiam vitae dolor est quasi esse.\n\nSequi fugiat quia officiis mollitia dolor ratione omnis. Nobis fuga iure magnam adipisci ut neque. Amet quia ut vel atque consequatur blanditiis. Sunt corporis quo qui consequatur et.\n\nOmnis quaerat sint voluptas voluptas in. Cumque dicta aut est et distinctio. Dicta ut dicta adipisci vitae vitae harum. Quo inventore veritatis velit qui.\n\nOfficia rem ipsum blanditiis. Velit animi quis sint odit ullam. Architecto porro quasi sequi asperiores dignissimos ex quae.\n\nQuidem consequatur maiores porro neque iusto fugit asperiores. Rerum soluta voluptatem ea et quod. Nihil soluta omnis voluptate adipisci.\n\nAut voluptatum delectus vel expedita dolor. Voluptas qui nemo excepturi natus qui. Sunt porro voluptatum impedit reprehenderit voluptatem voluptatem.\n\nUt maiores quos rem laboriosam totam molestiae voluptatem. Eum ad harum et perferendis. Aut fugiat voluptatem omnis et magni.'),
(160, 'Neque neque repellendus non cupiditate ut sit. Qui nihil repellendus nobis totam saepe velit. Quia corporis repudiandae totam alias quos. Sint aliquam molestiae id tempora in minus. In et neque et.', '08.png', '1980-12-24 09:16:49', 'Amet ex nihil modi. Omnis vel hic distinctio pariatur. Qui temporibus id voluptatem et nihil beatae id.\n\nVoluptates nostrum reprehenderit consequuntur dicta est. Sed totam rem itaque quisquam. Voluptas repellendus magni sit hic. Qui harum dolor molestiae ipsa quia et quo.\n\nOmnis iste dolore deleniti quis quod quia. Excepturi reprehenderit qui sunt cum sed cumque sed iure.\n\nItaque sapiente vel ducimus. Dolorum minus quaerat qui accusantium explicabo iste totam maiores. Quia nihil ut debitis. Assumenda quasi facere aut deserunt mollitia.\n\nDeserunt accusamus et dolor impedit sint doloribus. Numquam quam odio odio nemo expedita modi excepturi consequatur. Facere ut perferendis cupiditate optio suscipit inventore.\n\nCulpa delectus perspiciatis ipsa est error ipsam suscipit dolorem. At architecto ea qui dolores veniam aut occaecati. Fugiat sed consequatur molestiae in pariatur placeat. Nulla voluptatem tempore incidunt voluptas.\n\nDebitis doloribus cupiditate corrupti distinctio. Nobis accusamus nesciunt nulla sed rem. Omnis omnis quia rem sed qui.\n\nSunt animi nulla harum cumque vel. Voluptatem quod ea qui. Consectetur vitae qui nostrum aut illo adipisci quia. Ex soluta quibusdam autem veritatis.'),
(161, 'Illum iste necessitatibus nobis amet magnam velit. Temporibus tempore laboriosam adipisci nulla autem aut blanditiis et. Accusantium soluta soluta aliquid dolor ratione. Eaque occaecati est in quo fugiat enim tenetur.', '09.png', '2015-01-12 08:51:08', 'Error velit doloribus quia quia officia et eum aut. In odio tenetur consequatur sed eos. Ut aut sit assumenda. Rerum aut quae nesciunt sit neque.\n\nEt impedit et rerum quaerat accusamus eveniet. Cum est voluptatem ullam repudiandae ut nisi. Vitae voluptatibus dolores saepe eos consequatur.\n\nDolorem ab pariatur pariatur ipsum ea. Accusantium maxime ad animi molestiae. Enim officiis labore perferendis doloremque doloremque fugiat quidem.\n\nId sed ad facilis sit. Eaque accusantium voluptas dolor occaecati.\n\nUt dolorem magnam neque iure minus fuga aut. A consequatur id placeat soluta. Eius vitae aut sit alias occaecati nesciunt.\n\nEveniet et in veniam quo. Aliquam assumenda cumque nostrum numquam dolor aperiam. Ipsa sint architecto et dolor voluptatem quidem. Facere enim atque necessitatibus alias.\n\nEt ducimus quo error quo. Ea illo temporibus nobis rerum rerum et. Omnis alias asperiores suscipit facilis et omnis.\n\nRepellendus minus quod doloribus sint voluptates doloribus. Officia ab ab aut corrupti consectetur corrupti eos. Ut doloribus blanditiis dolores sunt praesentium. Eveniet sit quaerat ut.'),
(162, 'Iusto ducimus rerum quisquam ut. Aut repellat dolores veritatis facere odio beatae. Ut minima sed sapiente distinctio. Repellat tenetur itaque nobis tempore rerum at quia. Et qui aut natus adipisci voluptatem autem voluptatum.', '010.png', '2010-10-03 01:04:50', 'Fuga odit doloribus voluptatem alias nihil soluta. Possimus non autem officiis eos repellat.\n\nConsectetur rerum fuga optio consequatur praesentium voluptatibus non. Quasi amet quo rerum vel ad eum natus. Illum corrupti in aut et atque culpa dolor.\n\nMinus voluptas ex reiciendis vero. Debitis non ullam accusantium iure sit aliquid. Quo necessitatibus repellat nostrum debitis velit veniam numquam.\n\nEx exercitationem cumque minima atque. Sit eos nihil aperiam nihil similique sunt incidunt. Ex eos voluptatum ad vitae et fugit culpa. Dolorem ut iusto amet occaecati nulla amet.\n\nRecusandae nemo beatae quo dolorem dolores ut. Distinctio ut enim in. Qui quia voluptates optio nostrum harum corrupti aut.\n\nEst id commodi id et voluptatem voluptatem. Est libero non enim deserunt mollitia. Aut rerum praesentium quis. Eveniet recusandae magni rerum atque.\n\nDolorem blanditiis exercitationem necessitatibus ducimus reiciendis neque nulla quia. Id repellendus sint et minima fuga impedit molestiae. Rem qui officia est ab similique. Ut porro optio incidunt nihil voluptas nam. Molestiae vero natus incidunt provident unde nulla.\n\nAdipisci dolor deserunt recusandae consequatur et. Dolorem animi iste doloribus blanditiis dolorem nisi. Velit est soluta a et et expedita.'),
(163, 'Quibusdam qui tempora ut illo perferendis nostrum nobis beatae. Et eius sit aut quo. Temporibus quibusdam architecto est iure in et.', '011.png', '2006-06-26 05:42:50', 'Esse nam repellat rerum corrupti dolore sed dolore. Reprehenderit omnis accusamus iste esse rerum explicabo. Omnis fugiat magni sunt facere voluptatem et et. Libero aut odio earum reiciendis.\n\nUt et voluptatem ut facere. Aut consequuntur beatae architecto voluptates illum. Magnam amet autem velit exercitationem ut error ratione.\n\nOdit nihil nihil ut. Adipisci quia id ducimus. Rem similique impedit dolor illo. Veniam sit reiciendis quis eligendi.\n\nVitae provident sint qui nemo sint. Ea sed quas minus maiores. Amet alias molestiae non molestias.\n\nSequi consequuntur nihil accusantium dolor voluptas ipsa ipsam. At voluptate ducimus quod tenetur. Omnis facere consequatur aliquid voluptas nihil ea.\n\nFugiat provident officiis cumque tempore et. Nostrum illo dolor ab ut ad consequuntur qui. Aut cupiditate est quo. Et laudantium sed quod fugit sint quia et.\n\nOdit eos illum optio. Quae similique repellat debitis ut et. Dolorem dolor sequi est impedit cupiditate. Reiciendis magnam quis et magnam tenetur placeat fugiat.\n\nQuibusdam eum quaerat minima aut similique cumque voluptatibus rem. Et aut velit et error dolore delectus dolor. Recusandae dolorum repellat eaque dolore eos veniam. Aut vitae aut quidem similique. Et sit fuga repudiandae tempore labore voluptate.'),
(164, 'Veritatis molestiae non odit eligendi. Est voluptas officiis ipsa ea dolor facilis veritatis ea. Omnis tempore ullam iusto pariatur aut ut consequatur.', '012.png', '2004-07-10 10:02:13', 'Et minima occaecati eum accusamus sunt saepe. Reiciendis rerum asperiores error rem ipsa enim dolorem. Ut natus temporibus illum impedit. Laborum qui molestiae architecto in.\n\nIusto exercitationem omnis in sequi cum eaque. Nostrum assumenda molestiae velit voluptatem possimus. Quia sed aperiam et soluta quae reprehenderit nulla. Cumque provident aut ut voluptates maxime nobis.\n\nDolorem eos repellendus maiores quia molestiae. Libero et est laudantium maxime repudiandae. Doloremque possimus velit rerum magni voluptas. Accusantium doloremque voluptas corporis.\n\nRepellendus quia doloremque minus sit et. Et corrupti minima distinctio. Quos nulla nulla cupiditate qui magni doloremque. Qui libero vitae et ab rem.\n\nAmet voluptatem atque repellendus officiis porro qui et. Est qui et voluptatem et. Molestiae eligendi blanditiis doloremque eos culpa. Quas est incidunt unde et est vel.\n\nUt in totam ut nihil officia vitae eaque. Excepturi ipsam minima distinctio dolorem.\n\nSit quis voluptates ducimus et. Ut maiores iusto ut asperiores. Et aut ex similique ut.\n\nDolorum consequatur delectus qui eos libero pariatur. Sapiente repellendus eligendi voluptas eum. Provident consequatur laudantium ut. Et placeat aliquid quia.'),
(165, 'Odio beatae non nihil officiis error ea quidem. Autem voluptatem reiciendis ex aut quia et quidem dolore. Voluptas minima non magnam ut ut autem.', '013.png', '1995-03-14 19:06:05', 'Eligendi explicabo dolorum maiores ut accusantium dolor ea. Magni vel est iure sed cupiditate est. Officiis nihil provident odit quis sit labore. Qui perferendis sit dolorum placeat fuga quas.\n\nDolore id qui deleniti nesciunt deleniti. Nemo modi fugit dolor. Repellendus ut doloribus qui natus. Dolorum ducimus hic molestias quia aliquam.\n\nHarum quisquam cupiditate corrupti repellat. Qui illum tempora sunt aut. Autem aliquam recusandae aut.\n\nConsequatur tenetur nemo officiis quia provident non ipsa dignissimos. Dolores asperiores corporis qui at commodi sit. Beatae iure rerum aut omnis. Cumque sunt exercitationem optio dolores est asperiores mollitia.\n\nVero error praesentium quaerat exercitationem. Ut ut molestiae dolores quae asperiores. Officia totam et rerum. Modi perferendis quis amet natus aliquid et.\n\nMagnam numquam ut facilis quasi et sapiente quae. Eum amet nesciunt aliquid quia ex non. Odio dolor rerum ratione est quibusdam eos vitae. Rerum qui magni molestiae expedita inventore ducimus nobis.\n\nIn omnis molestias quisquam sit unde velit. Delectus impedit provident quam vitae consequuntur. Ab nesciunt eum labore ut. Ea nobis recusandae aut qui quia. Et reprehenderit aperiam laboriosam excepturi deleniti numquam.\n\nQui nihil delectus voluptates autem ratione. Ducimus accusamus atque id consequuntur.'),
(166, 'Fugiat sed incidunt in dolores enim illo quia. Non ut quos nostrum. Delectus maxime quia earum quo.', '014.png', '2010-04-25 21:09:21', 'Voluptas commodi ab et possimus architecto. Aliquid doloremque dicta reiciendis sit exercitationem sit sunt voluptate. Pariatur cumque sint excepturi incidunt vitae mollitia.\n\nAd sapiente sapiente et aut. Ut quia consequuntur vel. Veritatis et molestiae ut quis voluptatem nobis. Amet nisi commodi repellendus est voluptatum cum qui.\n\nDeleniti quia ut omnis dolor sit pariatur eos. Expedita nihil quas accusamus eum quia laboriosam dolor. Impedit nihil earum quo adipisci quidem sit quos.\n\nVoluptatem in dolores eius sint officia. Et molestias suscipit ullam. Voluptatem veritatis voluptatem alias natus.\n\nMolestiae animi qui dolor vel at. Nostrum cum voluptas praesentium sed. Ea quod placeat voluptatem quia quos velit et ut.\n\nEt ad enim ex. Et quia occaecati aliquid harum exercitationem. Voluptas hic corrupti aperiam eos et fuga asperiores. Necessitatibus ad autem voluptatibus qui.\n\nAlias et perferendis aut. Est nemo ea ipsa ipsam ratione suscipit. Praesentium exercitationem iure enim dicta voluptatem dolores et. Incidunt occaecati ea laborum. Quo voluptatem quia aliquam corrupti quasi consequatur ex.\n\nEt est error culpa aut. Dolorem quaerat consequatur ducimus et. Quas consequatur tempore corporis omnis atque ut labore ut. Unde tenetur deserunt mollitia earum ut laudantium eveniet.'),
(167, 'Error doloribus et sit culpa voluptas. Saepe dolorem quam tenetur non debitis delectus. Similique et non cumque voluptatem.', '015.png', '2011-01-18 06:26:32', 'Mollitia ipsam eum et aut vero. Iusto illo rem expedita nobis iure et distinctio. Voluptatem vel nihil recusandae inventore. Est dolor dolor ipsa et illo accusantium. Magnam tenetur dolore deleniti saepe.\n\nEaque nisi at qui maxime blanditiis accusantium voluptas. Aut suscipit optio pariatur nihil. Tempora possimus adipisci magnam itaque est voluptatibus aut. Corporis asperiores suscipit magni iusto est quia numquam enim.\n\nA enim iusto sequi deserunt. Corrupti quod velit nesciunt dolor aspernatur aut quo. Est ipsam et veritatis qui voluptas quia libero. Neque quasi ut aperiam.\n\nRerum earum corrupti architecto doloribus ad unde. Tempora veritatis temporibus exercitationem culpa. Delectus suscipit numquam corporis omnis aperiam modi. Facere asperiores totam dolorem aut cupiditate non.\n\nIn eum excepturi beatae placeat quo fugiat. Ipsam a illo omnis libero saepe. Illo sit dicta magni magnam ipsam. Laborum itaque rerum accusantium est quos voluptatem quia.\n\nEum deserunt iusto quae quasi. Facilis voluptas voluptatem ab quo suscipit voluptas. Sint asperiores perferendis ad repellat vel asperiores qui natus. Et accusamus voluptatem consequatur eligendi aut nihil accusamus fugit.\n\nEst ea maxime numquam ab autem beatae molestias. Sed dignissimos doloribus doloremque perferendis deleniti ab. Qui culpa quidem deleniti quia non. Recusandae qui et porro molestiae.\n\nDoloribus laudantium voluptatum dolore blanditiis odit expedita. Sed sit corrupti assumenda in delectus pariatur pariatur. Fugiat est est mollitia adipisci.'),
(168, 'Rerum amet enim numquam facere. Atque dolor voluptatibus et voluptas quas. Error temporibus consequatur quam quis sed. Placeat aspernatur officia eos sed esse. Debitis ipsa sed qui harum recusandae accusamus ut.', '016.png', '2009-04-19 15:55:49', 'Ex molestiae harum velit aut dolores beatae aut sunt. Nemo esse est assumenda at iusto aspernatur quasi.\n\nAccusamus architecto dolorem sapiente dolores architecto in id animi. Aliquam deleniti eum aut cum vel et commodi. Qui consectetur amet qui enim dolor vitae aut. Aut officiis quia odit magnam sit molestiae.\n\nQui repellat quo rerum numquam. Quod illum ipsam doloremque incidunt corrupti. Nulla ducimus est nemo itaque delectus unde cum. Consequuntur soluta aspernatur enim error nihil totam ut omnis.\n\nAut voluptatem pariatur harum minima aspernatur porro et. Sit reprehenderit nemo est non voluptas. Autem vel repellendus quaerat iste non molestiae neque sit. Maxime ut quia autem voluptates.\n\nEst officiis aut in ducimus quasi. Et qui tempore tempore nihil dignissimos aut ipsam. Consequatur veniam enim sunt quae. Et in magni omnis harum. Dolor officiis quia libero ut quibusdam.\n\nAperiam minus rerum delectus expedita eos. Molestiae laudantium magni asperiores consequatur. Tempore rerum eum et rerum et unde veniam deserunt.\n\nVelit eum ut exercitationem voluptas. Accusantium accusantium id est et in accusamus eveniet omnis. Tenetur a culpa debitis dolorem nesciunt et. Accusamus vel et quia corrupti.\n\nFugit veritatis possimus mollitia ab. Repudiandae hic tenetur optio officiis facilis. Ducimus voluptatem rerum et repudiandae. Sint recusandae cupiditate id natus perspiciatis doloribus consectetur.'),
(169, 'Quia quam sed neque quo error aliquid non. Et adipisci nostrum adipisci. Dicta distinctio nisi et et quis. Aliquam provident corporis natus qui sequi est officia fugiat. Repellat alias molestiae dolor in eum labore praesentium.', '017.png', '1996-02-09 08:26:55', 'Accusantium et vel nostrum sit consectetur tempora. Aut iste qui totam numquam non itaque. Harum ea aliquam id esse.\n\nImpedit sit vero tenetur. Libero veritatis reiciendis rem asperiores occaecati.\n\nQuo mollitia sed iste id. Quo et et neque. Et et quia aut quia fuga qui. Dolorum dolores vel veniam ut et officiis inventore.\n\nEius omnis quos dolorem consequatur et sit qui. Aliquid maxime sed et sit eligendi provident consequatur. Distinctio laudantium quia voluptate distinctio.\n\nEarum omnis aut velit est. Hic possimus dolore reiciendis est eum repellat. Enim perferendis eveniet nostrum vel. Sint quo non rem amet voluptatem.\n\nMolestiae est qui repellat dolores sit ut. Illum assumenda dolor consequatur. Perferendis sapiente id illo eum quos nihil. Quaerat amet excepturi et possimus facere saepe.\n\nIn autem in deleniti consequatur repudiandae natus et. Est laboriosam expedita necessitatibus eveniet et dolor. Architecto et totam asperiores deleniti perferendis est provident. Saepe odit ut sed qui recusandae voluptas. Aut neque velit omnis fugit in qui.\n\nOfficiis quos similique recusandae saepe dolor rerum minima. Dolorem ut praesentium quis fugiat ut nobis fuga. Velit occaecati aut dicta temporibus quos sunt nesciunt id.'),
(170, 'Eveniet ut quia illo delectus possimus velit qui. Ex voluptas aliquid beatae neque est delectus repudiandae. Voluptas tenetur et sapiente id.', '018.png', '1999-03-18 09:05:55', 'Sapiente in sint dolorem numquam molestiae. Error sequi ex eos rerum. Sequi distinctio quo aut et. Consectetur quas architecto sunt dolorum.\n\nEnim et et esse. Voluptatibus ducimus ipsam quo sit quia quia omnis. Qui ullam quisquam nulla et. Nostrum voluptates et odit illo magni ipsa.\n\nQui et consequuntur rem ducimus dolorem laudantium. Officiis assumenda sunt aut eveniet quia.\n\nDoloremque odio eaque accusantium et dolorem fugit. Quaerat voluptatem natus sint doloribus officiis dolor. Magni est similique impedit rem.\n\nAlias molestias laudantium est vel debitis fugiat. Qui tempore recusandae alias sit sint deserunt aperiam. Odit quis iste quis totam sed voluptate est incidunt.\n\nEt aut ab inventore harum magnam. Amet cupiditate fuga asperiores. Minus atque fugit consequatur voluptate voluptatem et. Velit ex commodi laudantium vel error et.\n\nEt labore magni minima ipsa possimus qui aut. Consequuntur eum non quod molestias id ut incidunt. A molestias odio sed qui. Exercitationem alias voluptate nostrum incidunt debitis.\n\nOmnis at est voluptatum odit perferendis eos suscipit. Excepturi ea commodi sunt velit beatae. Labore reprehenderit blanditiis magni distinctio excepturi.'),
(171, 'Quo aut dolores tempora suscipit tenetur suscipit sed. Ab omnis quas ex. Aliquid mollitia est voluptate hic ut molestiae. Adipisci est quia tempore ut voluptatum et nesciunt.', '019.png', '1995-11-13 17:16:59', 'Et ut sit quasi omnis eos quibusdam placeat aut. Distinctio dolore consequatur dolores iure. Amet numquam dolor qui ad fugit omnis. Hic quas aperiam eaque voluptatem sunt.\n\nIpsam qui quasi unde necessitatibus voluptatibus perspiciatis assumenda. Nobis placeat neque exercitationem iure. Quisquam quae et aut excepturi tempore.\n\nMagni et ut eius laboriosam. Et laboriosam id unde itaque numquam. Soluta rerum repudiandae mollitia doloremque quo. Qui aliquid non voluptas et et. Qui rerum et nihil nulla voluptatem ipsam eum.\n\nEt consequatur ut libero eaque velit magni ut. Aliquam qui ut culpa minus possimus nam. Adipisci maiores saepe et enim. Tempora quia placeat id aspernatur aut.\n\nDolor ullam quaerat explicabo blanditiis qui praesentium. Consequatur iusto id accusamus atque. Hic vel voluptatibus nihil laborum error.\n\nDolorem nesciunt voluptas qui adipisci temporibus quia. Adipisci labore aut sapiente perspiciatis architecto. Praesentium aspernatur enim non quo neque quo.\n\nVero atque doloremque odit occaecati. Voluptatem omnis dolores veniam et perferendis vel mollitia. Esse et nemo dolores ut qui. Autem placeat accusamus asperiores libero commodi aliquid.\n\nQui rerum culpa molestias corrupti. Et dolor magni voluptatibus eligendi atque. Molestias culpa voluptatem rerum natus porro.');

-- --------------------------------------------------------

--
-- Table structure for table `user`
--

CREATE TABLE `user` (
  `id` int(11) NOT NULL,
  `user_name` varchar(255) COLLATE utf8mb4_unicode_ci NOT NULL,
  `first_name` varchar(255) COLLATE utf8mb4_unicode_ci NOT NULL,
  `last_name` varchar(255) COLLATE utf8mb4_unicode_ci NOT NULL,
  `email` varchar(255) COLLATE utf8mb4_unicode_ci NOT NULL,
  `password` varchar(255) COLLATE utf8mb4_unicode_ci NOT NULL,
  `created_at` datetime NOT NULL,
  `updated_at` datetime NOT NULL,
  `is_disabled` tinyint(1) NOT NULL,
  `role` json NOT NULL,
  `image` varchar(255) COLLATE utf8mb4_unicode_ci NOT NULL,
  `last_log_at` datetime NOT NULL
) ENGINE=InnoDB DEFAULT CHARSET=utf8mb4 COLLATE=utf8mb4_unicode_ci;

--
-- Dumping data for table `user`
--

INSERT INTO `user` (`id`, `user_name`, `first_name`, `last_name`, `email`, `password`, `created_at`, `updated_at`, `is_disabled`, `role`, `image`, `last_log_at`) VALUES
(157, 'AiméLagarde', 'Aimé', 'Lagarde', 'aime.lagarde@gmail.com', '$argon2i$v=19$m=65536,t=4,p=1$Z0VnVmJUU1BDQzRGVFlsZA$knzjtApZxpepASANi9O8f8hj73Gx9/lp1dAOeDznCZo', '2019-08-01 00:16:12', '2019-11-05 06:36:01', 0, '[\"ROLE_USER\"]', '010m.jpg', '2019-11-15 13:41:06'),
(158, 'ChristopheBertin', 'Christophe', 'Bertin', 'christophe.bertin@gmail.com', '$argon2i$v=19$m=65536,t=4,p=1$YzhJemJHaGFVblRiVUlvbQ$Rix3lOSDJmERkTxA1wXWw0LOIeW0l7NzhiSDW7XZgfk', '2019-08-02 05:36:04', '2019-11-09 12:07:31', 0, '[\"ROLE_USER\"]', '011m.jpg', '2019-11-15 13:41:06'),
(159, 'ChristopheMillet', 'Christophe', 'Millet', 'christophe.millet@gmail.com', '$argon2i$v=19$m=65536,t=4,p=1$ZTluT3RBLjdEc3BBSkZmUA$UALPLyibUPjOVRnbCqCSbgjM/fIE3j5nClNJ/+HwqJA', '2019-07-31 18:27:27', '2019-10-26 21:35:28', 0, '[\"ROLE_USER\"]', '012m.jpg', '2019-11-15 13:41:07'),
(160, 'ValérieBenoit', 'Valérie', 'Benoit', 'valerie.benoit@gmail.com', '$argon2i$v=19$m=65536,t=4,p=1$dkd6M2FWcDBXbzVPMTJlNw$nqX2VlaRKOIMR7j0fRqMn+91gNfcUWpzj2kiDAVlvgQ', '2019-05-18 12:41:45', '2019-09-24 05:29:24', 1, '[\"ROLE_USER\"]', '013f.jpg', '2019-11-15 13:41:07'),
(161, 'ChristelleMoulin', 'Christelle', 'Moulin', 'christelle.moulin@gmail.com', '$argon2i$v=19$m=65536,t=4,p=1$Qngva01MZTFJc1BSaHNDMw$ElwOGedQQXI3yiRRRzL39HkiPYwS5vAb5Z0Rzttxwrg', '2019-06-04 12:23:53', '2019-10-30 11:50:56', 0, '[\"ROLE_USER\"]', '014f.jpg', '2019-11-15 13:41:07'),
(162, 'CharlesGilbert', 'Charles', 'Gilbert', 'charles.gilbert@gmail.com', '$argon2i$v=19$m=65536,t=4,p=1$dG05Mm1WUGNvcWZBRTFjTQ$5QrAcDIyRHMEW/DKoDqTv76gdRUhJHiVcDo1p64/ckg', '2019-07-28 02:40:49', '2019-09-11 00:51:39', 0, '[\"ROLE_USER\"]', '015m.jpg', '2019-11-15 13:41:08'),
(163, 'BenoîtBailly', 'Benoît', 'Bailly', 'benoit.bailly@gmail.com', '$argon2i$v=19$m=65536,t=4,p=1$QXBjZXpTeDlqckNCdmdISw$flrsjsKY3CesuVCvB+6aVm+c3ZgSOIgmFmHfpdSGaa0', '2019-07-16 11:02:41', '2019-11-12 09:28:26', 0, '[\"ROLE_USER\"]', '016m.jpg', '2019-11-15 13:41:08'),
(164, 'FrédéricTexier', 'Frédéric', 'Texier', 'frederic.texier@gmail.com', '$argon2i$v=19$m=65536,t=4,p=1$MTE3RWRaWHEudXNHSDBOSQ$BDymdelh4CylcMPkL54SXAJZMz3cpf7u/GrcIptuU6g', '2019-06-19 15:35:34', '2019-10-01 06:01:58', 0, '[\"ROLE_USER\"]', '017m.jpg', '2019-11-15 13:41:09'),
(165, 'FranckWeber', 'Franck', 'Weber', 'franck.weber@gmail.com', '$argon2i$v=19$m=65536,t=4,p=1$My5qSDhVa25nVDg0RmFKdg$lPrBomGm+BSAEBCI+L6zJ8epwJbNV7JOZFCRdWksqU0', '2019-07-31 19:51:06', '2019-09-13 10:23:49', 1, '[\"ROLE_USER\"]', '018m.jpg', '2019-11-15 13:41:09'),
(166, 'JacquelineRemy', 'Jacqueline', 'Remy', 'jacqueline.remy@gmail.com', '$argon2i$v=19$m=65536,t=4,p=1$dmRDc3cxMGVCdUlBLzgxVg$DsDPayqHjx24pTgCy319/teMgiRRvgY7Ui8rr2p9j3A', '2019-08-14 20:44:04', '2019-10-07 04:47:50', 0, '[\"ROLE_USER\"]', '019f.jpg', '2019-11-15 13:41:09'),
(167, 'ThéophileBlanchet', 'Théophile', 'Blanchet', 'theophile.blanchet@gmail.com', '$argon2i$v=19$m=65536,t=4,p=1$Z04zWnA1ak1FOWhneGh2Qg$zfYGcSQ8hRALkUc5iMg1hjI5mxsbNtB4WbUFFq+noRo', '2019-08-08 22:26:49', '2019-09-01 06:32:08', 0, '[\"ROLE_USER\"]', '020m.jpg', '2019-11-15 13:41:10'),
(168, 'HortenseSamson', 'Hortense', 'Samson', 'hortense.samson@gmail.com', '$argon2i$v=19$m=65536,t=4,p=1$VWVDSXB4WmFBVzBZcXU1MA$xtS+sawp0LlrNPGDvAsw0hsCLPNGdPC4fbbq0igOIIg', '2019-08-01 06:20:18', '2019-09-25 01:54:12', 0, '[\"ROLE_USER\"]', '021f.jpg', '2019-11-15 13:41:10'),
(169, 'PaulGros', 'Paul', 'Gros', 'paul.gros@gmail.com', '$argon2i$v=19$m=65536,t=4,p=1$NzliVmE0MldKa1FyamN1WQ$YalAj126rxHeyg1I8FTjf0diuAGcTbTcBiwRK0Q+0w4', '2019-05-20 01:30:42', '2019-09-18 09:45:01', 1, '[\"ROLE_USER\"]', '022m.jpg', '2019-11-15 13:41:10'),
(170, 'AndréPires', 'André', 'Pires', 'andre.pires@gmail.com', '$argon2i$v=19$m=65536,t=4,p=1$T0R6bjR5aDd1d05rQ0MwbA$6JZ6p8N7XHzi6y4a6ZD1/MsRccHZIT69KvsBgmk5GSU', '2019-07-08 14:17:53', '2019-09-02 22:38:32', 0, '[\"ROLE_USER\"]', '023m.jpg', '2019-11-15 13:41:11'),
(171, 'MaggieColas', 'Maggie', 'Colas', 'maggie.colas@gmail.com', '$argon2i$v=19$m=65536,t=4,p=1$TmlFQXh4bmNLZ0JDcm5CdA$9AGnJUDeLGxQcXG2G0BzMPqTzDXV/W+J88eygoVErng', '2019-07-06 14:28:34', '2019-09-07 14:28:54', 0, '[\"ROLE_USER\"]', '024f.jpg', '2019-11-15 13:41:11'),
(172, 'ChantalFerrand', 'Chantal', 'Ferrand', 'chantal.ferrand@gmail.com', '$argon2i$v=19$m=65536,t=4,p=1$Z1BueVlBQTZZN1gwQ2dKOQ$hEDIDzWgVhGNLA/SwgP1KJ5dJbYw2KryEgVDyrEJXhk', '2019-07-31 06:15:06', '2019-10-02 04:33:04', 1, '[\"ROLE_USER\"]', '025f.jpg', '2019-11-15 13:41:12'),
(173, 'NathFoucher', 'Nath', 'Foucher', 'nath.foucher@gmail.com', '$argon2i$v=19$m=65536,t=4,p=1$cWRqR0kxNWk1aFJPM2IzQQ$iwOy9mbPIbsmZYP8fFJkp4wschA3W7isETz4nha3qxI', '2019-07-22 10:21:09', '2019-10-13 16:55:48', 0, '[\"ROLE_USER\"]', '026f.jpg', '2019-11-15 13:41:12'),
(174, 'MartineLefevre', 'Martine', 'Lefevre', 'martine.lefevre@gmail.com', '$argon2i$v=19$m=65536,t=4,p=1$bFptSS96UXZpUHcuNFpVcg$ejnFXOnw4bkjx8DTcjBj8dMUgGQnVPGZjD7k+0jqV+Y', '2019-05-31 07:35:48', '2019-09-01 12:48:57', 0, '[\"ROLE_USER\"]', '027f.jpg', '2019-11-15 13:41:12'),
(175, 'NathalieEvrard', 'Nathalie', 'Evrard', 'nathalie.evrard@gmail.com', '$argon2i$v=19$m=65536,t=4,p=1$QlYwTWVFNmNuLlNWV1gwTw$JF52vmjwO02zTCdVG4a/asOXtFeVBxPZvGBqKsVMPfU', '2019-07-08 09:59:22', '2019-08-22 00:08:16', 0, '[\"ROLE_USER\"]', '028f.jpg', '2019-11-15 13:41:13'),
(176, 'JacquelineCousin', 'Jacqueline', 'Cousin', 'jacqueline.cousin@gmail.com', '$argon2i$v=19$m=65536,t=4,p=1$YVZjOTVVa0lYT0xpeGdEOA$H/yBivZJ1Kt7NDfxrdZ/tiNQfgNnkFBgL8iu5vWXzco', '2019-07-30 21:29:33', '2019-11-08 12:21:34', 0, '[\"ROLE_USER\"]', '029f.jpg', '2019-11-15 13:41:13'),
(177, 'AiméChevallier', 'Aimé', 'Chevallier', 'aime.chevallier@gmail.com', '$argon2i$v=19$m=65536,t=4,p=1$Y0tjTGlmdmxTc0Z0Q1Zoaw$0INu0Yf48t+UQ3t1Zqp6+wYSb7dWHT+NgUXiqFU34/o', '2019-07-07 16:58:22', '2019-09-26 22:12:31', 1, '[\"ROLE_USER\"]', '030m.jpg', '2019-11-15 13:41:13'),
(178, 'CélineMasse', 'Céline', 'Masse', 'celine.masse@gmail.com', '$argon2i$v=19$m=65536,t=4,p=1$RDd4aE11aFFYMmpOMkJlZQ$vwg0kAUdWKvZ3a+VxFoeR/wN/hEKLCJ8+OiqL7gxi1w', '2019-06-11 15:14:46', '2019-09-11 13:20:23', 1, '[\"ROLE_USER\"]', '031f.jpg', '2019-11-15 13:41:14'),
(179, 'AmélieLaunay', 'Amélie', 'Launay', 'amelie.launay@gmail.com', '$argon2i$v=19$m=65536,t=4,p=1$ZEI2NEJPR2owdlhzVjlkdQ$rwJGJFk8I071X14G/XqCM8D3W3fPgvM06PDSiaPVQ7Y', '2019-06-12 01:52:10', '2019-08-24 12:18:05', 1, '[\"ROLE_USER\"]', '032f.jpg', '2019-11-15 13:41:14'),
(180, 'PénélopeMathieu', 'Pénélope', 'Mathieu', 'penelope.mathieu@gmail.com', '$argon2i$v=19$m=65536,t=4,p=1$Y2dHV1lETkVVOUNxcHpWbw$QMK3JK/g56gGfyNFgSrzy4EFh+0uGovBWNjtCoYU+oU', '2019-08-05 17:29:30', '2019-11-05 17:58:09', 0, '[\"ROLE_USER\"]', '033f.jpg', '2019-11-15 13:41:14'),
(181, 'PénélopeOlivier', 'Pénélope', 'Olivier', 'penelope.olivier@gmail.com', '$argon2i$v=19$m=65536,t=4,p=1$UzVQZ09mWER2NlA5c3cxcQ$1V7n0eV/IqGNP2Hb1kkxPsp5+NmSGBdOUUqi/dHY9+A', '2019-06-19 08:26:50', '2019-09-25 14:48:35', 1, '[\"ROLE_USER\"]', '034f.jpg', '2019-11-15 13:41:15'),
(182, 'CélinaMarin', 'Célina', 'Marin', 'celina.marin@gmail.com', '$argon2i$v=19$m=65536,t=4,p=1$WklLc2VzbklPbzN0cS9aYw$yrGS7jQLWxmTamAFQvRojB2usdzUp87QEfWMRS4V3HE', '2019-06-17 15:59:06', '2019-09-09 09:35:43', 1, '[\"ROLE_USER\"]', '035f.jpg', '2019-11-15 13:41:15'),
(183, 'RémyAlexandre', 'Rémy', 'Alexandre', 'remy.alexandre@gmail.com', '$argon2i$v=19$m=65536,t=4,p=1$OGdGR0cxZWp5b3QycHVXRg$H7h51ZzcV+8nMhn7UsGo04PuswA/gtgx2F+v60iYQmo', '2019-07-25 07:40:21', '2019-10-02 10:33:10', 0, '[\"ROLE_USER\"]', '036m.jpg', '2019-11-15 13:41:15'),
(184, 'HortenseBodin', 'Hortense', 'Bodin', 'hortense.bodin@gmail.com', '$argon2i$v=19$m=65536,t=4,p=1$OXBqNFNNeGJmVTBsL1N2eg$19GlLIQNOUp/zGWWcqg47kAIQsZTqR0s7YbGYYiXQ3c', '2019-07-22 14:51:01', '2019-08-26 04:34:33', 1, '[\"ROLE_USER\"]', '037f.jpg', '2019-11-15 13:41:16'),
(185, 'TimothéeDumont', 'Timothée', 'Dumont', 'timothee.dumont@gmail.com', '$argon2i$v=19$m=65536,t=4,p=1$M01MZVdYR0JXRjhUbjdyRQ$1SS0x88RZpNlcvWf0jIGy983Yw9Q5o9gt/PCR6BGVuE', '2019-06-03 13:38:56', '2019-09-14 12:02:40', 0, '[\"ROLE_USER\"]', '038m.jpg', '2019-11-15 13:41:16'),
(186, 'AnneBerger', 'Anne', 'Berger', 'anne.berger@gmail.com', '$argon2i$v=19$m=65536,t=4,p=1$ZTdnbUkzVGkvOUllZTU2NQ$Yfsym2/Vi2fkYdz7Icwq3UF3aVbOM6hMvPdSETh8IFw', '2019-06-05 17:46:03', '2019-08-30 02:10:56', 1, '[\"ROLE_USER\"]', '039f.jpg', '2019-11-15 13:41:16'),
(187, 'BrigitteDumas', 'Brigitte', 'Dumas', 'brigitte.dumas@gmail.com', '$argon2i$v=19$m=65536,t=4,p=1$NnYzYU15U3RxWVhBNkZ4Qw$9JPBDO6LGYrzKxzS0GP8myR0ud6L/5fk7iQPLwCK78E', '2019-07-04 15:14:57', '2019-10-16 06:45:30', 1, '[\"ROLE_USER\"]', '040f.jpg', '2019-11-15 13:41:17'),
(188, 'RogerLefort', 'Roger', 'Lefort', 'roger.lefort@gmail.com', '$argon2i$v=19$m=65536,t=4,p=1$Q2tRL2dDalFIcFJQTjFPaw$6qas3NUqD3hGBE3gnfCc+4ilwS7nbUO2VRrdaG/zhRA', '2019-08-06 14:42:30', '2019-10-27 17:10:56', 0, '[\"ROLE_USER\"]', '041m.jpg', '2019-11-15 13:41:17'),
(189, 'VirginieGaudin', 'Virginie', 'Gaudin', 'virginie.gaudin@gmail.com', '$argon2i$v=19$m=65536,t=4,p=1$bnlQeFhhQ3lQNW1mZ1JBNA$Vf/94WxTuAL0TVKRMMiJcM2FRnzYQdz4vHCkq2XjX5g', '2019-07-17 19:35:00', '2019-08-15 20:59:05', 1, '[\"ROLE_USER\"]', '042f.jpg', '2019-11-15 13:41:17'),
(190, 'AdrienneLagarde', 'Adrienne', 'Lagarde', 'adrienne.lagarde@gmail.com', '$argon2i$v=19$m=65536,t=4,p=1$Y1ouaFZGTmdwQjZWSmxqYw$UXeVfDrqiE43Y2xsGh4+3O5YKm3OSixa4qubMlr5rF4', '2019-06-08 07:21:55', '2019-10-16 15:41:37', 0, '[\"ROLE_USER\"]', '043f.jpg', '2019-11-15 13:41:18'),
(191, 'LéonMorin', 'Léon', 'Morin', 'leon.morin@gmail.com', '$argon2i$v=19$m=65536,t=4,p=1$QXNGNS9HL2sxQjlkaTFQcA$fmHCzQKr9irwj5boXh7lursPdzysjBlnSvEL+isHvkY', '2019-07-05 02:09:46', '2019-09-28 15:41:30', 0, '[\"ROLE_USER\"]', '044m.jpg', '2019-11-15 13:41:18'),
(192, 'SébastienMarchand', 'Sébastien', 'Marchand', 'sebastien.marchand@gmail.com', '$argon2i$v=19$m=65536,t=4,p=1$bVVLaHZLdHFpMlNLZERhVg$DECrC7tGwtE6plIyLwyMzqgvAzC5DJbHHc6LwtaDc7k', '2019-05-24 01:42:29', '2019-09-14 13:22:19', 0, '[\"ROLE_USER\"]', '045m.jpg', '2019-11-15 13:41:18'),
(193, 'LucyHoareau', 'Lucy', 'Hoareau', 'lucy.hoareau@gmail.com', '$argon2i$v=19$m=65536,t=4,p=1$Ti52RWtMZldGeDJ0OTF6SA$4eGkXfmm2nxdDyWd2SFo1VwhE3f+SbsynGXz/yj6cH4', '2019-05-19 02:02:34', '2019-09-27 05:37:42', 0, '[\"ROLE_USER\"]', '046f.jpg', '2019-11-15 13:41:19'),
(194, 'JulienBousquet', 'Julien', 'Bousquet', 'julien.bousquet@gmail.com', '$argon2i$v=19$m=65536,t=4,p=1$M0VsYy9qQ25QY0QyTVB1eA$76+Gb0NLZlOr7iSWPTNgNagy8KFHkSdEYmmW5omOilQ', '2019-05-22 19:27:36', '2019-11-07 03:14:17', 0, '[\"ROLE_USER\"]', '047m.jpg', '2019-11-15 13:41:19'),
(195, 'RolandBruneau', 'Roland', 'Bruneau', 'roland.bruneau@gmail.com', '$argon2i$v=19$m=65536,t=4,p=1$MTFCQlNvLkdGU0JXZWdpaw$7Z7rj1ZvX9YKlM2PhLYZjUwVNi60+2eWJn30AH2QRIU', '2019-07-23 05:26:42', '2019-11-11 13:28:22', 0, '[\"ROLE_USER\"]', '048m.jpg', '2019-11-15 13:41:19');

--
-- Indexes for dumped tables
--

--
-- Indexes for table `course`
--
ALTER TABLE `course`
  ADD PRIMARY KEY (`id`),
  ADD KEY `IDX_169E6FB912469DE2` (`category_id`),
  ADD KEY `IDX_169E6FB95FB14BA7` (`level_id`);

--
-- Indexes for table `course_category`
--
ALTER TABLE `course_category`
  ADD PRIMARY KEY (`id`);

--
-- Indexes for table `course_level`
--
ALTER TABLE `course_level`
  ADD PRIMARY KEY (`id`);

--
-- Indexes for table `migration_versions`
--
ALTER TABLE `migration_versions`
  ADD PRIMARY KEY (`version`);

--
-- Indexes for table `news`
--
ALTER TABLE `news`
  ADD PRIMARY KEY (`id`);

--
-- Indexes for table `user`
--
ALTER TABLE `user`
  ADD PRIMARY KEY (`id`);

--
-- AUTO_INCREMENT for dumped tables
--

--
-- AUTO_INCREMENT for table `course`
--
ALTER TABLE `course`
  MODIFY `id` int(11) NOT NULL AUTO_INCREMENT, AUTO_INCREMENT=96;

--
-- AUTO_INCREMENT for table `course_category`
--
ALTER TABLE `course_category`
  MODIFY `id` int(11) NOT NULL AUTO_INCREMENT, AUTO_INCREMENT=154;

--
-- AUTO_INCREMENT for table `course_level`
--
ALTER TABLE `course_level`
  MODIFY `id` int(11) NOT NULL AUTO_INCREMENT, AUTO_INCREMENT=181;

--
-- AUTO_INCREMENT for table `news`
--
ALTER TABLE `news`
  MODIFY `id` int(11) NOT NULL AUTO_INCREMENT, AUTO_INCREMENT=172;

--
-- AUTO_INCREMENT for table `user`
--
ALTER TABLE `user`
  MODIFY `id` int(11) NOT NULL AUTO_INCREMENT, AUTO_INCREMENT=196;

--
-- Constraints for dumped tables
--

--
-- Constraints for table `course`
--
ALTER TABLE `course`
  ADD CONSTRAINT `FK_169E6FB912469DE2` FOREIGN KEY (`category_id`) REFERENCES `course_category` (`id`),
  ADD CONSTRAINT `FK_169E6FB95FB14BA7` FOREIGN KEY (`level_id`) REFERENCES `course_level` (`id`);
COMMIT;

/*!40101 SET CHARACTER_SET_CLIENT=@OLD_CHARACTER_SET_CLIENT */;
/*!40101 SET CHARACTER_SET_RESULTS=@OLD_CHARACTER_SET_RESULTS */;
/*!40101 SET COLLATION_CONNECTION=@OLD_COLLATION_CONNECTION */;
